"Inici",173,http://cansici.cat/quant-a/
"Fotos",49,http://cansici.cat/fotos/
"01--Sala Entrada",48,http://cansiciweb.files.wordpress.com/2017/12/01-sala-entrada1.jpg
"Com arribar-hi",45,http://cansici.cat/arribar/
"02--Sala Entrada",34,http://cansiciweb.files.wordpress.com/2017/12/02-sala-entrada1.jpg
"Preus",29,http://cansici.cat/preus/
"Calendari",29,http://cansici.cat/calendari/
"03--Sala Entrada",28,http://cansiciweb.files.wordpress.com/2017/12/03-sala-entrada1.jpg
"La casa",26,http://cansici.cat/casa/
"04--Sala Entrada",24,http://cansiciweb.files.wordpress.com/2017/12/04-sala-entrada1.jpg
"05--Cuina",24,http://cansiciweb.files.wordpress.com/2017/12/05-cuina1.jpg
"17--Sala Pallissa",24,http://cansiciweb.files.wordpress.com/2017/12/17-sala-pallissa.jpg
"06--Cuina",22,http://cansiciweb.files.wordpress.com/2017/12/06-cuina1.jpg
"01--Piscina",22,http://cansiciweb.files.wordpress.com/2017/12/01-piscina.jpg
"18--Sala Pallissa",22,http://cansiciweb.files.wordpress.com/2017/12/18-sala-pallissa1.jpg
"19--Sala Pallissa",22,http://cansiciweb.files.wordpress.com/2017/12/19-sala-pallissa.jpg
"03--Habitació 2",22,http://cansiciweb.files.wordpress.com/2017/12/03-habitacic3b3-2.jpg
"01--Habitació 1",22,http://cansiciweb.files.wordpress.com/2017/12/01-habitacic3b3-1.jpg
"13--Sala Repartidor",21,http://cansiciweb.files.wordpress.com/2017/12/13-sala-repartidor1.jpg
"14--Sala Repartidor",21,http://cansiciweb.files.wordpress.com/2017/12/14-sala-repartidor1.jpg
"16--Sala Pallissa",21,http://cansiciweb.files.wordpress.com/2017/12/16-sala-pallissa1.jpg
"12--Sala Repartidor",20,http://cansiciweb.files.wordpress.com/2017/12/12-sala-repartidor1.jpg
"21--Sala Pallissa",20,http://cansiciweb.files.wordpress.com/2017/12/21-sala-pallissa.jpg
"20--Sala Pallissa",20,http://cansiciweb.files.wordpress.com/2017/12/20-sala-pallissa.jpg
"05--Habitació 4",20,http://cansiciweb.files.wordpress.com/2017/12/05-habitacic3b3-4.jpg
"02-- Habitació 1",20,http://cansiciweb.files.wordpress.com/2017/12/02-habitacic3b3-1.jpg
"07--Cuina",19,http://cansiciweb.files.wordpress.com/2017/12/07-cuina1.jpg
"08--Sala Menjador",19,http://cansiciweb.files.wordpress.com/2017/12/08-sala-menjador1.jpg
"09--Sala Menjador",19,http://cansiciweb.files.wordpress.com/2017/12/09-sala-menjador1.jpg
"15-- Porta",19,http://cansiciweb.files.wordpress.com/2017/12/15-porta1.jpg
"09--Habitació lliteres",19,http://cansiciweb.files.wordpress.com/2017/12/09-habitacic3b3-lliteres.jpg
"10--Sala Menjador",18,http://cansiciweb.files.wordpress.com/2017/12/10-sala-menjador1.jpg
"11--Escales",18,http://cansiciweb.files.wordpress.com/2017/12/11-escales1.jpg
"04--Habitació 3",18,http://cansiciweb.files.wordpress.com/2017/12/04-habitacic3b3-3.jpg
"21--Camí bosc",17,http://cansiciweb.files.wordpress.com/2017/12/21-camc3ad-bosc.jpg
"19--Prats i casa",17,http://cansiciweb.files.wordpress.com/2017/12/19-prats-i-casa.jpg
"06--Habitació 4",17,http://cansiciweb.files.wordpress.com/2017/12/06-habitacic3b3-4.jpg
"08--Parc infantil",15,http://cansiciweb.files.wordpress.com/2017/12/08-parc-infantil.jpg
"Reserves",14,http://cansici.cat/reserves/
"20--Casa i arbres alts",14,http://cansiciweb.files.wordpress.com/2017/12/20-casa-i-arbres-alts.jpg
"05--Bassa",14,http://cansiciweb.files.wordpress.com/2017/12/05-bassa.jpg
"10--Lavabo 1",14,http://cansiciweb.files.wordpress.com/2017/12/10-lavabo-1.jpg
"07--Habitació 5",13,http://cansiciweb.files.wordpress.com/2017/12/07-habitacic3b3-5.jpg
"08--Habitació 6",13,http://cansiciweb.files.wordpress.com/2017/12/08-habitacic3b3-6.jpg
"03--Jardí",13,http://cansiciweb.files.wordpress.com/2017/12/03-jardc3ad.jpg
"12--Lavabo 3",13,http://cansiciweb.files.wordpress.com/2017/12/12-lavabo-3.jpg
"06--Detall testos",12,http://cansiciweb.files.wordpress.com/2017/12/06-detall-testos.jpg
"02--Pèrgola",12,http://cansiciweb.files.wordpress.com/2017/12/02-pc3a8rgola.jpg
"04-- Bassa i casa",12,http://cansiciweb.files.wordpress.com/2017/12/04-bassa-i-casa.jpg
"L'entorn",9,http://cansici.cat/entorn/
"11--Lavabo 2",9,http://cansiciweb.files.wordpress.com/2017/12/11-lavabo-2.jpg
"Normes de la casa",7,http://cansici.cat/normes/